Neighborhood,Elementary schools,Secondary schools,Gym,Total population of the neighborhood,Population Density,Hospitals,Parks,Restaurants,Cafes,Mosques,Bus stations,Metro stations,Supermarkets,Children_Ratio,Youth_Ratio,Adults_Ratio,Seniors_Ratio,Children,Youth,Males above 10 years,Park_ratio,Hospitals_ratio,Gym_ratio,Rest_coffee_ratio,Elementary_schools_ratio,Secondary_schools_ratio,Mosques_ratio
حي الفلاح,4,8,2,38710,9701.75,3,2,34,12,21,3,2,1,14.97,22.9,50.53,11.58,5797,8868,16295,0.12327563936967192,0.7749935417204856,0.25833118057349524,1.1883234306380779,0.4140072451267897,0.5412719891745602,1.2887388769561214
حي الياسمين,5,9,5,103116,8106.6,5,6,80,40,60,10,1,7,16.44,20.89,53.09,9.57,16955,21542,44016,0.13883393459792856,0.48489080259125644,0.24244540129562822,1.1637379262190155,0.17693895606015925,0.25067310370439144,1.3631406761177753
حي العزيزية,31,26,7,174869,8403.12,6,7,162,91,106,48,2,5,18.33,23.75,46.36,11.55,32055,41540,77024,0.09551149717788744,0.34311398818544164,0.20014982644150764,1.4467973168486123,0.5802526906878802,0.3755416466056813,1.3761944329040299
حي المنصورة,15,11,3,59401,10085.05,6,4,100,29,50,13,3,17,14.79,24.86,48.24,12.08,8789,14773,27247,0.16067069577953233,1.0100840053197757,0.25252100132994393,2.171680611437518,1.0240072818295596,0.4467609828741623,1.8350644107608176
حي المونسية,5,8,11,86315,5623.12,3,4,121,46,50,11,0,5,20.41,19.19,53.71,6.67,17625,16565,34783,0.11057174303423506,0.347564154550194,0.6372009500086891,1.934773793662747,0.1702127659574468,0.2897675822517356,1.4374838283069316
حي الروضة,20,27,11,92956,10672.33,7,19,140,36,51,11,1,11,17.08,18.38,51.94,12.58,15883,17090,40609,0.48769310211282757,0.7530444511381729,0.5916777830371358,1.8933689057188348,0.7555247749165775,0.9479227618490345,1.2558792385924302
حي السويدي,19,19,11,115457,20992.18,8,8,93,60,53,24,2,5,11.23,16.58,60.76,11.42,12970,19146,67337,0.165325619061642,0.6928986549104862,0.4763678252509593,1.3251686775163047,0.8789514263685428,0.5954246317768724,0.7870858517605477
حي الزهرة,20,14,7,79737,18040.04,3,2,86,21,47,24,1,4,11.34,22.45,49.35,16.83,9050,17906,43827,0.05984674617806037,0.376236878738854,0.4389430251953297,1.3419115341685792,1.3259668508287294,0.4691164972634871,1.0723982932895246
